<?xml version="1.0" encoding="UTF-8"?>
<sharedobjects>
  <connection>
    <name>dw</name>
    <server>${DB_HOST}</server>
    <type>MYSQL</type>
    <access>Native</access>
    <database>${DW_NAME}</database>
    <port>${DW_PORT}</port>
    <username>${DW_USER}</username>
    <password>${DW_PASS}</password>
    <servername/>
    <data_tablespace/>
    <index_tablespace/>
    <attributes>
      <attribute><code>EXTRA_OPTION_MYSQL.defaultFetchSize</code><attribute>500</attribute></attribute>
      <attribute><code>EXTRA_OPTION_MYSQL.useCursorFetch</code><attribute>true</attribute></attribute>
      <attribute><code>FORCE_IDENTIFIERS_TO_LOWERCASE</code><attribute>N</attribute></attribute>
      <attribute><code>FORCE_IDENTIFIERS_TO_UPPERCASE</code><attribute>N</attribute></attribute>
      <attribute><code>IS_CLUSTERED</code><attribute>N</attribute></attribute>
      <attribute><code>PORT_NUMBER</code><attribute>${DW_PORT}</attribute></attribute>
      <attribute><code>QUOTE_ALL_FIELDS</code><attribute>N</attribute></attribute>
      <attribute><code>STREAM_RESULTS</code><attribute>Y</attribute></attribute>
      <attribute><code>SUPPORTS_BOOLEAN_DATA_TYPE</code><attribute>N</attribute></attribute>
      <attribute><code>USE_POOLING</code><attribute>N</attribute></attribute>
    </attributes>
  </connection>

  <connection>
    <name>js</name>
    <server>${DB_HOST}</server>
    <type>MYSQL</type>
    <access>Native</access>
    <database>${DB_NAME}</database>
    <port>${DB_PORT}</port>
    <username>${DB_USER}</username>
    <password>${DB_PASS}</password>
    <servername/>
    <data_tablespace/>
    <index_tablespace/>
    <attributes>
      <attribute><code>EXTRA_OPTION_MYSQL.defaultFetchSize</code><attribute>500</attribute></attribute>
      <attribute><code>EXTRA_OPTION_MYSQL.useCursorFetch</code><attribute>true</attribute></attribute>
      <attribute><code>FORCE_IDENTIFIERS_TO_LOWERCASE</code><attribute>N</attribute></attribute>
      <attribute><code>FORCE_IDENTIFIERS_TO_UPPERCASE</code><attribute>N</attribute></attribute>
      <attribute><code>IS_CLUSTERED</code><attribute>N</attribute></attribute>
      <attribute><code>PORT_NUMBER</code><attribute>${DB_PORT}</attribute></attribute>
      <attribute><code>QUOTE_ALL_FIELDS</code><attribute>N</attribute></attribute>
      <attribute><code>STREAM_RESULTS</code><attribute>Y</attribute></attribute>
      <attribute><code>SUPPORTS_BOOLEAN_DATA_TYPE</code><attribute>N</attribute></attribute>
      <attribute><code>USE_POOLING</code><attribute>N</attribute></attribute>
    </attributes>
  </connection>

</sharedobjects>
