<?xml version="1.0" encoding="UTF-8"?>
<world>
 <country><name>Afghanistan</name> <capital>Kabul</capital><language isofficial="T"><name>Pashto</name><percentage>52.4</percentage></language><language isofficial="T"><name>Dari</name><percentage>32.1</percentage></language><language isofficial="F"><name>Uzbek</name><percentage>8.8</percentage></language><language isofficial="F"><name>Turkmenian</name><percentage>1.9</percentage></language><language isofficial="F"><name>Balochi</name><percentage>0.9</percentage></language> </country>
 <country><name>Albania</name> <capital>Tirana</capital><language isofficial="T"><name>Albaniana</name><percentage>97.9</percentage></language><language isofficial="F"><name>Greek</name><percentage>1.8</percentage></language><language isofficial="F"><name>Macedonian</name><percentage>0.1</percentage></language> </country>
 <country><name>Algeria</name> <capital>Alger</capital><language isofficial="T"><name>Arabic</name><percentage>86</percentage></language><language isofficial="F"><name>Berberi</name><percentage>14</percentage></language> </country>
 <country><name>American Samoa</name> <capital>Fagatogo</capital><language isofficial="T"><name>Samoan</name><percentage>90.6</percentage></language><language isofficial="T"><name>English</name><percentage>3.1</percentage></language><language isofficial="F"><name>Tongan</name><percentage>3.1</percentage></language> </country>
 <country><name>Andorra</name> <capital>Andorra la Vella</capital><language isofficial="F"><name>Spanish</name><percentage>44.6</percentage></language><language isofficial="T"><name>Catalan</name><percentage>32.3</percentage></language><language isofficial="F"><name>Portuguese</name><percentage>10.8</percentage></language><language isofficial="F"><name>French</name><percentage>6.2</percentage></language> </country>
 <country><name>Angola</name> <capital>Luanda</capital><language isofficial="F"><name>Ovimbundu</name><percentage>37.2</percentage></language><language isofficial="F"><name>Mbundu</name><percentage>21.6</percentage></language><language isofficial="F"><name>Kongo</name><percentage>13.2</percentage></language><language isofficial="F"><name>Nyaneka-nkhumbi</name><percentage>5.4</percentage></language><language isofficial="F"><name>Luimbe-nganguela</name><percentage>5.4</percentage></language><language isofficial="F"><name>Chokwe</name><percentage>4.2</percentage></language><language isofficial="F"><name>Luvale</name><percentage>3.6</percentage></language><language isofficial="F"><name>Ambo</name><percentage>2.4</percentage></language><language isofficial="F"><name>Luchazi</name><percentage>2.4</percentage></language> </country>
 <country><name>Anguilla</name> <capital>The Valley</capital><language isofficial="T"><name>English</name><percentage>0</percentage></language> </country>
 <country><name>Antigua and Barbuda</name> <capital>Saint Johns</capital><language isofficial="F"><name>Creole English</name><percentage>95.7</percentage></language><language isofficial="T"><name>English</name><percentage>0</percentage></language> </country>
 <country><name>Argentina</name> <capital>Buenos Aires</capital><language isofficial="T"><name>Spanish</name><percentage>96.8</percentage></language><language isofficial="F"><name>Italian</name><percentage>1.7</percentage></language><language isofficial="F"><name>Indian Languages</name><percentage>0.3</percentage></language> </country>
 <country><name>Armenia</name> <capital>Yerevan</capital><language isofficial="T"><name>Armenian</name><percentage>93.4</percentage></language><language isofficial="F"><name>Azerbaijani</name><percentage>2.6</percentage></language> </country>
 <country><name>Aruba</name> <capital>Oranjestad</capital><language isofficial="F"><name>Papiamento</name><percentage>76.7</percentage></language><language isofficial="F"><name>English</name><percentage>9.5</percentage></language><language isofficial="F"><name>Spanish</name><percentage>7.4</percentage></language><language isofficial="T"><name>Dutch</name><percentage>5.3</percentage></language> </country>
 <country><name>Australia</name> <capital>Canberra</capital><language isofficial="T"><name>English</name><percentage>81.2</percentage></language><language isofficial="F"><name>Italian</name><percentage>2.2</percentage></language><language isofficial="F"><name>Greek</name><percentage>1.6</percentage></language><language isofficial="F"><name>Canton Chinese</name><percentage>1.1</percentage></language><language isofficial="F"><name>Arabic</name><percentage>1</percentage></language><language isofficial="F"><name>Vietnamese</name><percentage>0.8</percentage></language><language isofficial="F"><name>Serbo-Croatian</name><percentage>0.6</percentage></language><language isofficial="F"><name>German</name><percentage>0.6</percentage></language> </country>
 <country><name>Austria</name> <capital>Wien</capital><language isofficial="T"><name>German</name><percentage>92</percentage></language><language isofficial="F"><name>Serbo-Croatian</name><percentage>2.2</percentage></language><language isofficial="F"><name>Turkish</name><percentage>1.5</percentage></language><language isofficial="F"><name>Hungarian</name><percentage>0.4</percentage></language><language isofficial="F"><name>Slovene</name><percentage>0.4</percentage></language><language isofficial="F"><name>Czech</name><percentage>0.2</percentage></language><language isofficial="F"><name>Romanian</name><percentage>0.2</percentage></language><language isofficial="F"><name>Polish</name><percentage>0.2</percentage></language> </country>
 <country><name>Azerbaijan</name> <capital>Baku</capital><language isofficial="T"><name>Azerbaijani</name><percentage>89</percentage></language><language isofficial="F"><name>Russian</name><percentage>3</percentage></language><language isofficial="F"><name>Lezgian</name><percentage>2.3</percentage></language><language isofficial="F"><name>Armenian</name><percentage>2</percentage></language> </country>
 <country><name>Bahamas</name> <capital>Nassau</capital><language isofficial="F"><name>Creole English</name><percentage>89.7</percentage></language><language isofficial="F"><name>Creole French</name><percentage>10.3</percentage></language> </country>
 <country><name>Bahrain</name> <capital>al-Manama</capital><language isofficial="T"><name>Arabic</name><percentage>67.7</percentage></language><language isofficial="F"><name>English</name><percentage>0</percentage></language> </country>
 <country><name>Bangladesh</name> <capital>Dhaka</capital><language isofficial="T"><name>Bengali</name><percentage>97.7</percentage></language><language isofficial="F"><name>Chakma</name><percentage>0.4</percentage></language><language isofficial="F"><name>Marma</name><percentage>0.2</percentage></language><language isofficial="F"><name>Santhali</name><percentage>0.1</percentage></language><language isofficial="F"><name>Khasi</name><percentage>0.1</percentage></language><language isofficial="F"><name>Tripuri</name><percentage>0.1</percentage></language><language isofficial="F"><name>Garo</name><percentage>0.1</percentage></language> </country>
 <country><name>Barbados</name> <capital>Bridgetown</capital><language isofficial="F"><name>Bajan</name><percentage>95.1</percentage></language><language isofficial="T"><name>English</name><percentage>0</percentage></language> </country>
 <country><name>Belarus</name> <capital>Minsk</capital><language isofficial="T"><name>Belorussian</name><percentage>65.6</percentage></language><language isofficial="T"><name>Russian</name><percentage>32</percentage></language><language isofficial="F"><name>Ukrainian</name><percentage>1.3</percentage></language><language isofficial="F"><name>Polish</name><percentage>0.6</percentage></language> </country>
 <country><name>Belgium</name> <capital>Bruxelles</capital><language isofficial="T"><name>Dutch</name><percentage>59.2</percentage></language><language isofficial="T"><name>French</name><percentage>32.6</percentage></language><language isofficial="F"><name>Italian</name><percentage>2.4</percentage></language><language isofficial="F"><name>Arabic</name><percentage>1.6</percentage></language><language isofficial="T"><name>German</name><percentage>1</percentage></language><language isofficial="F"><name>Turkish</name><percentage>0.9</percentage></language> </country>
 <country><name>Belize</name> <capital>Belmopan</capital><language isofficial="T"><name>English</name><percentage>50.8</percentage></language><language isofficial="F"><name>Spanish</name><percentage>31.6</percentage></language><language isofficial="F"><name>Maya Languages</name><percentage>9.6</percentage></language><language isofficial="F"><name>Garifuna</name><percentage>6.8</percentage></language> </country>
 <country><name>Benin</name> <capital>Porto-Novo</capital><language isofficial="F"><name>Fon</name><percentage>39.8</percentage></language><language isofficial="F"><name>Joruba</name><percentage>12.2</percentage></language><language isofficial="F"><name>Adja</name><percentage>11.1</percentage></language><language isofficial="F"><name>Aizo</name><percentage>8.7</percentage></language><language isofficial="F"><name>Bariba</name><percentage>8.7</percentage></language><language isofficial="F"><name>Somba</name><percentage>6.7</percentage></language><language isofficial="F"><name>Ful</name><percentage>5.6</percentage></language> </country>
 <country><name>Bermuda</name> <capital>Hamilton</capital><language isofficial="T"><name>English</name><percentage>100</percentage></language> </country>
 <country><name>Bhutan</name> <capital>Thimphu</capital><language isofficial="T"><name>Dzongkha</name><percentage>50</percentage></language><language isofficial="F"><name>Nepali</name><percentage>34.8</percentage></language><language isofficial="F"><name>Asami</name><percentage>15.2</percentage></language> </country>
 <country><name>Bolivia</name> <capital>La Paz</capital><language isofficial="T"><name>Spanish</name><percentage>87.7</percentage></language><language isofficial="T"><name>Ketua</name><percentage>8.1</percentage></language><language isofficial="T"><name>Aimar</name><percentage>3.2</percentage></language><language isofficial="F"><name>Guaran</name><percentage>0.1</percentage></language> </country>
 <country><name>Bosnia and Herzegovina</name> <capital>Sarajevo</capital><language isofficial="T"><name>Serbo-Croatian</name><percentage>99.2</percentage></language> </country>
 <country><name>Botswana</name> <capital>Gaborone</capital><language isofficial="F"><name>Tswana</name><percentage>75.5</percentage></language><language isofficial="F"><name>Shona</name><percentage>12.3</percentage></language><language isofficial="F"><name>San</name><percentage>3.5</percentage></language><language isofficial="F"><name>Khoekhoe</name><percentage>2.5</percentage></language><language isofficial="F"><name>Ndebele</name><percentage>1.3</percentage></language> </country>
 <country><name>Brazil</name> <capital>Braslia</capital><language isofficial="T"><name>Portuguese</name><percentage>97.5</percentage></language><language isofficial="F"><name>German</name><percentage>0.5</percentage></language><language isofficial="F"><name>Italian</name><percentage>0.4</percentage></language><language isofficial="F"><name>Japanese</name><percentage>0.4</percentage></language><language isofficial="F"><name>Indian Languages</name><percentage>0.2</percentage></language> </country>
 <country><name>Brunei</name> <capital>Bandar Seri Begawan</capital><language isofficial="T"><name>Malay</name><percentage>45.5</percentage></language><language isofficial="F"><name>Malay-English</name><percentage>28.8</percentage></language><language isofficial="F"><name>Chinese</name><percentage>9.3</percentage></language><language isofficial="F"><name>English</name><percentage>3.1</percentage></language> </country>
 <country><name>Bulgaria</name> <capital>Sofija</capital><language isofficial="T"><name>Bulgariana</name><percentage>83.2</percentage></language><language isofficial="F"><name>Turkish</name><percentage>9.4</percentage></language><language isofficial="F"><name>Romani</name><percentage>3.7</percentage></language><language isofficial="F"><name>Macedonian</name><percentage>2.6</percentage></language> </country>
 <country><name>Burkina Faso</name> <capital>Ouagadougou</capital><language isofficial="F"><name>Mossi</name><percentage>50.2</percentage></language><language isofficial="F"><name>Ful</name><percentage>9.7</percentage></language><language isofficial="F"><name>Gurma</name><percentage>5.7</percentage></language><language isofficial="F"><name>Busansi</name><percentage>3.5</percentage></language><language isofficial="F"><name>Dagara</name><percentage>3.1</percentage></language><language isofficial="F"><name>Dyula</name><percentage>2.6</percentage></language> </country>
 <country><name>Burundi</name> <capital>Bujumbura</capital><language isofficial="T"><name>Kirundi</name><percentage>98.1</percentage></language><language isofficial="T"><name>French</name><percentage>0</percentage></language><language isofficial="F"><name>Swahili</name><percentage>0</percentage></language> </country>
 <country><name>Cambodia</name> <capital>Phnom Penh</capital><language isofficial="T"><name>Khmer</name><percentage>88.6</percentage></language><language isofficial="F"><name>Vietnamese</name><percentage>5.5</percentage></language><language isofficial="F"><name>Chinese</name><percentage>3.1</percentage></language><language isofficial="F"><name>Tam</name><percentage>2.4</percentage></language> </country>
 <country><name>Cameroon</name> <capital>Yaound</capital><language isofficial="F"><name>Fang</name><percentage>19.7</percentage></language><language isofficial="F"><name>Bamileke-bamum</name><percentage>18.6</percentage></language><language isofficial="F"><name>Duala</name><percentage>10.9</percentage></language><language isofficial="F"><name>Ful</name><percentage>9.6</percentage></language><language isofficial="F"><name>Tikar</name><percentage>7.4</percentage></language><language isofficial="F"><name>Mandara</name><percentage>5.7</percentage></language><language isofficial="F"><name>Maka</name><percentage>4.9</percentage></language><language isofficial="F"><name>Masana</name><percentage>3.9</percentage></language> </country>
 <country><name>Canada</name> <capital>Ottawa</capital><language isofficial="T"><name>English</name><percentage>60.4</percentage></language><language isofficial="T"><name>French</name><percentage>23.4</percentage></language><language isofficial="F"><name>Chinese</name><percentage>2.5</percentage></language><language isofficial="F"><name>Italian</name><percentage>1.7</percentage></language><language isofficial="F"><name>German</name><percentage>1.6</percentage></language><language isofficial="F"><name>Spanish</name><percentage>0.7</percentage></language><language isofficial="F"><name>Punjabi</name><percentage>0.7</percentage></language><language isofficial="F"><name>Polish</name><percentage>0.7</percentage></language><language isofficial="F"><name>Portuguese</name><percentage>0.7</percentage></language><language isofficial="F"><name>Ukrainian</name><percentage>0.6</percentage></language><language isofficial="F"><name>Dutch</name><percentage>0.5</percentage></language><language isofficial="F"><name>Eskimo Languages</name><percentage>0.1</percentage></language> </country>
 <country><name>Cape Verde</name> <capital>Praia</capital><language isofficial="F"><name>Crioulo</name><percentage>100</percentage></language><language isofficial="T"><name>Portuguese</name><percentage>0</percentage></language> </country>
 <country><name>Cayman Islands</name> <capital>George Town</capital><language isofficial="T"><name>English</name><percentage>0</percentage></language> </country>
 <country><name>Central African Republic</name> <capital>Bangui</capital><language isofficial="F"><name>Gbaya</name><percentage>23.8</percentage></language><language isofficial="F"><name>Banda</name><percentage>23.5</percentage></language><language isofficial="F"><name>Mandjia</name><percentage>14.8</percentage></language><language isofficial="F"><name>Ngbaka</name><percentage>7.5</percentage></language><language isofficial="F"><name>Sara</name><percentage>6.4</percentage></language><language isofficial="F"><name>Mbum</name><percentage>6.4</percentage></language> </country>
 <country><name>Chad</name> <capital>NDjamna</capital><language isofficial="F"><name>Sara</name><percentage>27.7</percentage></language><language isofficial="T"><name>Arabic</name><percentage>12.3</percentage></language><language isofficial="F"><name>Mayo-kebbi</name><percentage>11.5</percentage></language><language isofficial="F"><name>Kanem-bornu</name><percentage>9</percentage></language><language isofficial="F"><name>Ouaddai</name><percentage>8.7</percentage></language><language isofficial="F"><name>Hadjarai</name><percentage>6.7</percentage></language><language isofficial="F"><name>Tandjile</name><percentage>6.5</percentage></language><language isofficial="F"><name>Gorane</name><percentage>6.2</percentage></language> </country>
 <country><name>Chile</name> <capital>Santiago de Chile</capital><language isofficial="T"><name>Spanish</name><percentage>89.7</percentage></language><language isofficial="F"><name>Araucan</name><percentage>9.6</percentage></language><language isofficial="F"><name>Aimar</name><percentage>0.5</percentage></language><language isofficial="F"><name>Rapa nui</name><percentage>0.2</percentage></language> </country>
 <country><name>China</name> <capital>Peking</capital><language isofficial="T"><name>Chinese</name><percentage>92</percentage></language><language isofficial="F"><name>Zhuang</name><percentage>1.4</percentage></language><language isofficial="F"><name>Mantu</name><percentage>0.9</percentage></language><language isofficial="F"><name>Hui</name><percentage>0.8</percentage></language><language isofficial="F"><name>Miao</name><percentage>0.7</percentage></language><language isofficial="F"><name>Yi</name><percentage>0.6</percentage></language><language isofficial="F"><name>Uighur</name><percentage>0.6</percentage></language><language isofficial="F"><name>Tujia</name><percentage>0.5</percentage></language><language isofficial="F"><name>Tibetan</name><percentage>0.4</percentage></language><language isofficial="F"><name>Mongolian</name><percentage>0.4</percentage></language><language isofficial="F"><name>Puyi</name><percentage>0.2</percentage></language><language isofficial="F"><name>Dong</name><percentage>0.2</percentage></language> </country>
 <country><name>Christmas Island</name> <capital>Flying Fish Cove</capital><language isofficial="T"><name>English</name><percentage>0</percentage></language><language isofficial="F"><name>Chinese</name><percentage>0</percentage></language> </country>
 <country><name>Cocos (Keeling) Islands</name> <capital>West Island</capital><language isofficial="T"><name>English</name><percentage>0</percentage></language><language isofficial="F"><name>Malay</name><percentage>0</percentage></language> </country>
 <country><name>Colombia</name> <capital>Santaf de Bogot</capital><language isofficial="T"><name>Spanish</name><percentage>99</percentage></language><language isofficial="F"><name>Chibcha</name><percentage>0.4</percentage></language><language isofficial="F"><name>Caribbean</name><percentage>0.1</percentage></language><language isofficial="F"><name>Arawakan</name><percentage>0.1</percentage></language><language isofficial="F"><name>Creole English</name><percentage>0.1</percentage></language> </country>
 <country><name>Comoros</name> <capital>Moroni</capital><language isofficial="T"><name>Comorian</name><percentage>75</percentage></language><language isofficial="F"><name>Comorian-French</name><percentage>12.9</percentage></language><language isofficial="F"><name>Comorian-madagassi</name><percentage>5.5</percentage></language><language isofficial="F"><name>Comorian-Arabic</name><percentage>1.6</percentage></language><language isofficial="F"><name>Comorian-Swahili</name><percentage>0.5</percentage></language> </country>
 <country><name>Congo</name> <capital>Brazzaville</capital><language isofficial="F"><name>Kongo</name><percentage>51.5</percentage></language><language isofficial="F"><name>Teke</name><percentage>17.3</percentage></language><language isofficial="F"><name>Mboshi</name><percentage>11.4</percentage></language><language isofficial="F"><name>Mbete</name><percentage>4.8</percentage></language><language isofficial="F"><name>Punu</name><percentage>2.9</percentage></language><language isofficial="F"><name>Sango</name><percentage>2.6</percentage></language> </country>
 <country><name>Congo, The Democratic Republic of the</name> <capital>Kinshasa</capital><language isofficial="F"><name>Luba</name><percentage>18</percentage></language><language isofficial="F"><name>Kongo</name><percentage>16</percentage></language><language isofficial="F"><name>Mongo</name><percentage>13.5</percentage></language><language isofficial="F"><name>Rwanda</name><percentage>10.3</percentage></language><language isofficial="F"><name>Zande</name><percentage>6.1</percentage></language><language isofficial="F"><name>Ngala and Bangi</name><percentage>5.8</percentage></language><language isofficial="F"><name>Rundi</name><percentage>3.8</percentage></language><language isofficial="F"><name>Teke</name><percentage>2.7</percentage></language><language isofficial="F"><name>Boa</name><percentage>2.3</percentage></language><language isofficial="F"><name>Chokwe</name><percentage>1.8</percentage></language> </country>
 <country><name>Cook Islands</name> <capital>Avarua</capital><language isofficial="F"><name>English</name><percentage>0</percentage></language><language isofficial="T"><name>Maori</name><percentage>0</percentage></language> </country>
 <country><name>Costa Rica</name> <capital>San Jos</capital><language isofficial="T"><name>Spanish</name><percentage>97.5</percentage></language><language isofficial="F"><name>Creole English</name><percentage>2</percentage></language><language isofficial="F"><name>Chibcha</name><percentage>0.3</percentage></language><language isofficial="F"><name>Chinese</name><percentage>0.2</percentage></language> </country>
 <country><name>Croatia</name> <capital>Zagreb</capital><language isofficial="T"><name>Serbo-Croatian</name><percentage>95.9</percentage></language><language isofficial="F"><name>Slovene</name><percentage>0</percentage></language> </country>
 <country><name>Cte dIvoire</name> <capital>Yamoussoukro</capital><language isofficial="F"><name>Akan</name><percentage>30</percentage></language><language isofficial="F"><name>Gur</name><percentage>11.7</percentage></language><language isofficial="F"><name>Malinke</name><percentage>11.4</percentage></language><language isofficial="F"><name>Kru</name><percentage>10.5</percentage></language><language isofficial="F"><name>[South]Mande</name><percentage>7.7</percentage></language> </country>
 <country><name>Cuba</name> <capital>La Habana</capital><language isofficial="T"><name>Spanish</name><percentage>100</percentage></language> </country>
 <country><name>Cyprus</name> <capital>Nicosia</capital><language isofficial="T"><name>Greek</name><percentage>74.1</percentage></language><language isofficial="T"><name>Turkish</name><percentage>22.4</percentage></language> </country>
 <country><name>Czech Republic</name> <capital>Praha</capital><language isofficial="T"><name>Czech</name><percentage>81.2</percentage></language><language isofficial="F"><name>Moravian</name><percentage>12.9</percentage></language><language isofficial="F"><name>Slovak</name><percentage>3.1</percentage></language><language isofficial="F"><name>Polish</name><percentage>0.6</percentage></language><language isofficial="F"><name>German</name><percentage>0.5</percentage></language><language isofficial="F"><name>Silesiana</name><percentage>0.4</percentage></language><language isofficial="F"><name>Romani</name><percentage>0.3</percentage></language><language isofficial="F"><name>Hungarian</name><percentage>0.2</percentage></language> </country>
 <country><name>Denmark</name> <capital>Kbenhavn</capital><language isofficial="T"><name>Danish</name><percentage>93.5</percentage></language><language isofficial="F"><name>Turkish</name><percentage>0.8</percentage></language><language isofficial="F"><name>Arabic</name><percentage>0.7</percentage></language><language isofficial="F"><name>German</name><percentage>0.5</percentage></language><language isofficial="F"><name>Norwegian</name><percentage>0.3</percentage></language><language isofficial="F"><name>Swedish</name><percentage>0.3</percentage></language><language isofficial="F"><name>English</name><percentage>0.3</percentage></language> </country>
 <country><name>Djibouti</name> <capital>Djibouti</capital><language isofficial="F"><name>Somali</name><percentage>43.9</percentage></language><language isofficial="F"><name>Afar</name><percentage>34.8</percentage></language><language isofficial="T"><name>Arabic</name><percentage>10.6</percentage></language> </country>
 <country><name>Dominica</name> <capital>Roseau</capital><language isofficial="F"><name>Creole English</name><percentage>100</percentage></language><language isofficial="F"><name>Creole French</name><percentage>0</percentage></language> </country>
 <country><name>Dominican Republic</name> <capital>Santo Domingo de Guzmn</capital><language isofficial="T"><name>Spanish</name><percentage>98</percentage></language><language isofficial="F"><name>Creole French</name><percentage>2</percentage></language> </country>
 <country><name>East Timor</name> <capital>Dili</capital><language isofficial="F"><name>Sunda</name><percentage>0</percentage></language><language isofficial="T"><name>Portuguese</name><percentage>0</percentage></language> </country>
 <country><name>Ecuador</name> <capital>Quito</capital><language isofficial="T"><name>Spanish</name><percentage>93</percentage></language><language isofficial="F"><name>Ketua</name><percentage>7</percentage></language> </country>
 <country><name>Egypt</name> <capital>Cairo</capital><language isofficial="T"><name>Arabic</name><percentage>98.8</percentage></language><language isofficial="F"><name>Sinaberberi</name><percentage>0</percentage></language> </country>
 <country><name>El Salvador</name> <capital>San Salvador</capital><language isofficial="T"><name>Spanish</name><percentage>100</percentage></language><language isofficial="F"><name>Nahua</name><percentage>0</percentage></language> </country>
 <country><name>Equatorial Guinea</name> <capital>Malabo</capital><language isofficial="F"><name>Fang</name><percentage>84.8</percentage></language><language isofficial="F"><name>Bubi</name><percentage>8.7</percentage></language> </country>
 <country><name>Eritrea</name> <capital>Asmara</capital><language isofficial="T"><name>Tigrinja</name><percentage>49.1</percentage></language><language isofficial="F"><name>Tigre</name><percentage>31.7</percentage></language><language isofficial="F"><name>Afar</name><percentage>4.3</percentage></language><language isofficial="F"><name>Hadareb</name><percentage>3.8</percentage></language><language isofficial="F"><name>Saho</name><percentage>3</percentage></language><language isofficial="F"><name>Bilin</name><percentage>3</percentage></language> </country>
 <country><name>Estonia</name> <capital>Tallinn</capital><language isofficial="T"><name>Estonian</name><percentage>65.3</percentage></language><language isofficial="F"><name>Russian</name><percentage>27.8</percentage></language><language isofficial="F"><name>Ukrainian</name><percentage>2.8</percentage></language><language isofficial="F"><name>Belorussian</name><percentage>1.4</percentage></language><language isofficial="F"><name>Finnish</name><percentage>0.7</percentage></language> </country>
 <country><name>Ethiopia</name> <capital>Addis Abeba</capital><language isofficial="F"><name>Oromo</name><percentage>31</percentage></language><language isofficial="F"><name>Amhara</name><percentage>30</percentage></language><language isofficial="F"><name>Tigrinja</name><percentage>7.2</percentage></language><language isofficial="F"><name>Gurage</name><percentage>4.7</percentage></language><language isofficial="F"><name>Somali</name><percentage>4.1</percentage></language><language isofficial="F"><name>Sidamo</name><percentage>3.2</percentage></language><language isofficial="F"><name>Walaita</name><percentage>2.8</percentage></language> </country>
 <country><name>Falkland Islands</name> <capital>Stanley</capital><language isofficial="T"><name>English</name><percentage>0</percentage></language> </country>
 <country><name>Faroe Islands</name> <capital>Trshavn</capital><language isofficial="T"><name>Faroese</name><percentage>100</percentage></language><language isofficial="T"><name>Danish</name><percentage>0</percentage></language> </country>
 <country><name>Fiji Islands</name> <capital>Suva</capital><language isofficial="T"><name>Fijian</name><percentage>50.8</percentage></language><language isofficial="F"><name>Hindi</name><percentage>43.7</percentage></language> </country>
 <country><name>Finland</name> <capital>Helsinki</capital><language isofficial="T"><name>Finnish</name><percentage>92.7</percentage></language><language isofficial="T"><name>Swedish</name><percentage>5.7</percentage></language><language isofficial="F"><name>Russian</name><percentage>0.4</percentage></language><language isofficial="F"><name>Estonian</name><percentage>0.2</percentage></language><language isofficial="F"><name>Saame</name><percentage>0</percentage></language> </country>
 <country><name>France</name> <capital>Paris</capital><language isofficial="T"><name>French</name><percentage>93.6</percentage></language><language isofficial="F"><name>Arabic</name><percentage>2.5</percentage></language><language isofficial="F"><name>Portuguese</name><percentage>1.2</percentage></language><language isofficial="F"><name>Turkish</name><percentage>0.4</percentage></language><language isofficial="F"><name>Italian</name><percentage>0.4</percentage></language><language isofficial="F"><name>Spanish</name><percentage>0.4</percentage></language> </country>
 <country><name>French Guiana</name> <capital>Cayenne</capital><language isofficial="F"><name>Creole French</name><percentage>94.3</percentage></language><language isofficial="F"><name>Indian Languages</name><percentage>1.9</percentage></language> </country>
 <country><name>French Polynesia</name> <capital>Papeete</capital><language isofficial="F"><name>Tahitian</name><percentage>46.4</percentage></language><language isofficial="T"><name>French</name><percentage>40.8</percentage></language><language isofficial="F"><name>Chinese</name><percentage>2.9</percentage></language> </country>
 <country><name>Gabon</name> <capital>Libreville</capital><language isofficial="F"><name>Fang</name><percentage>35.8</percentage></language><language isofficial="F"><name>Punu-sira-nzebi</name><percentage>17.1</percentage></language><language isofficial="F"><name>Mpongwe</name><percentage>14.6</percentage></language><language isofficial="F"><name>Mbete</name><percentage>13.8</percentage></language> </country>
 <country><name>Gambia</name> <capital>Banjul</capital><language isofficial="F"><name>Malinke</name><percentage>34.1</percentage></language><language isofficial="F"><name>Ful</name><percentage>16.2</percentage></language><language isofficial="F"><name>Wolof</name><percentage>12.6</percentage></language><language isofficial="F"><name>Diola</name><percentage>9.2</percentage></language><language isofficial="F"><name>Soninke</name><percentage>7.6</percentage></language> </country>
 <country><name>Georgia</name> <capital>Tbilisi</capital><language isofficial="T"><name>Georgiana</name><percentage>71.7</percentage></language><language isofficial="F"><name>Russian</name><percentage>8.8</percentage></language><language isofficial="F"><name>Armenian</name><percentage>6.8</percentage></language><language isofficial="F"><name>Azerbaijani</name><percentage>5.5</percentage></language><language isofficial="F"><name>Osseetti</name><percentage>2.4</percentage></language><language isofficial="F"><name>Abhyasi</name><percentage>1.7</percentage></language> </country>
 <country><name>Germany</name> <capital>Berlin</capital><language isofficial="T"><name>German</name><percentage>91.3</percentage></language><language isofficial="F"><name>Turkish</name><percentage>2.6</percentage></language><language isofficial="F"><name>Southern Slavic Languages</name><percentage>1.4</percentage></language><language isofficial="F"><name>Italian</name><percentage>0.7</percentage></language><language isofficial="F"><name>Greek</name><percentage>0.4</percentage></language><language isofficial="F"><name>Polish</name><percentage>0.3</percentage></language> </country>
 <country><name>Ghana</name> <capital>Accra</capital><language isofficial="F"><name>Akan</name><percentage>52.4</percentage></language><language isofficial="F"><name>Mossi</name><percentage>15.8</percentage></language><language isofficial="F"><name>Ewe</name><percentage>11.9</percentage></language><language isofficial="F"><name>Ga-adangme</name><percentage>7.8</percentage></language><language isofficial="F"><name>Gurma</name><percentage>3.3</percentage></language><language isofficial="F"><name>Joruba</name><percentage>1.3</percentage></language> </country>
 <country><name>Gibraltar</name> <capital>Gibraltar</capital><language isofficial="T"><name>English</name><percentage>88.9</percentage></language><language isofficial="F"><name>Arabic</name><percentage>7.4</percentage></language> </country>
 <country><name>Greece</name> <capital>Athenai</capital><language isofficial="T"><name>Greek</name><percentage>98.5</percentage></language><language isofficial="F"><name>Turkish</name><percentage>0.9</percentage></language> </country>
 <country><name>Greenland</name> <capital>Nuuk</capital><language isofficial="T"><name>Greenlandic</name><percentage>87.5</percentage></language><language isofficial="T"><name>Danish</name><percentage>12.5</percentage></language> </country>
 <country><name>Grenada</name> <capital>Saint Georges</capital><language isofficial="F"><name>Creole English</name><percentage>100</percentage></language> </country>
 <country><name>Guadeloupe</name> <capital>Basse-Terre</capital><language isofficial="F"><name>Creole French</name><percentage>95</percentage></language><language isofficial="T"><name>French</name><percentage>0</percentage></language> </country>
 <country><name>Guam</name> <capital>Agaa</capital><language isofficial="T"><name>English</name><percentage>37.5</percentage></language><language isofficial="T"><name>Chamorro</name><percentage>29.6</percentage></language><language isofficial="F"><name>Philippene Languages</name><percentage>19.7</percentage></language><language isofficial="F"><name>Korean</name><percentage>3.3</percentage></language><language isofficial="F"><name>Japanese</name><percentage>2</percentage></language> </country>
 <country><name>Guatemala</name> <capital>Ciudad de Guatemala</capital><language isofficial="T"><name>Spanish</name><percentage>64.7</percentage></language><language isofficial="F"><name>Quich</name><percentage>10.1</percentage></language><language isofficial="F"><name>Cakchiquel</name><percentage>8.9</percentage></language><language isofficial="F"><name>Kekch</name><percentage>4.9</percentage></language><language isofficial="F"><name>Mam</name><percentage>2.7</percentage></language> </country>
 <country><name>Guinea</name> <capital>Conakry</capital><language isofficial="F"><name>Ful</name><percentage>38.6</percentage></language><language isofficial="F"><name>Malinke</name><percentage>23.2</percentage></language><language isofficial="F"><name>Susu</name><percentage>11</percentage></language><language isofficial="F"><name>Kissi</name><percentage>6</percentage></language><language isofficial="F"><name>Kpelle</name><percentage>4.6</percentage></language><language isofficial="F"><name>Yalunka</name><percentage>2.9</percentage></language><language isofficial="F"><name>Loma</name><percentage>2.3</percentage></language> </country>
 <country><name>Guinea-Bissau</name> <capital>Bissau</capital><language isofficial="F"><name>Crioulo</name><percentage>36.4</percentage></language><language isofficial="F"><name>Ful</name><percentage>16.6</percentage></language><language isofficial="F"><name>Balante</name><percentage>14.6</percentage></language><language isofficial="T"><name>Portuguese</name><percentage>8.1</percentage></language><language isofficial="F"><name>Malinke</name><percentage>6.9</percentage></language><language isofficial="F"><name>Mandyako</name><percentage>4.9</percentage></language> </country>
 <country><name>Guyana</name> <capital>Georgetown</capital><language isofficial="F"><name>Creole English</name><percentage>96.4</percentage></language><language isofficial="F"><name>Caribbean</name><percentage>2.2</percentage></language><language isofficial="F"><name>Arawakan</name><percentage>1.4</percentage></language> </country>
 <country><name>Haiti</name> <capital>Port-au-Prince</capital><language isofficial="F"><name>Haiti Creole</name><percentage>100</percentage></language><language isofficial="T"><name>French</name><percentage>0</percentage></language> </country>
 <country><name>Holy See (Vatican City State)</name> <capital>Citt del Vaticano</capital><language isofficial="T"><name>Italian</name><percentage>0</percentage></language> </country>
 <country><name>Honduras</name> <capital>Tegucigalpa</capital><language isofficial="T"><name>Spanish</name><percentage>97.2</percentage></language><language isofficial="F"><name>Garifuna</name><percentage>1.3</percentage></language><language isofficial="F"><name>Miskito</name><percentage>0.2</percentage></language><language isofficial="F"><name>Creole English</name><percentage>0.2</percentage></language> </country>
 <country><name>Hong Kong</name> <capital>Victoria</capital><language isofficial="F"><name>Canton Chinese</name><percentage>88.7</percentage></language><language isofficial="T"><name>English</name><percentage>2.2</percentage></language><language isofficial="F"><name>Fukien</name><percentage>1.9</percentage></language><language isofficial="F"><name>Hakka</name><percentage>1.6</percentage></language><language isofficial="F"><name>Chiu chau</name><percentage>1.4</percentage></language> </country>
 <country><name>Hungary</name> <capital>Budapest</capital><language isofficial="T"><name>Hungarian</name><percentage>98.5</percentage></language><language isofficial="F"><name>Romani</name><percentage>0.5</percentage></language><language isofficial="F"><name>German</name><percentage>0.4</percentage></language><language isofficial="F"><name>Serbo-Croatian</name><percentage>0.2</percentage></language><language isofficial="F"><name>Slovak</name><percentage>0.1</percentage></language><language isofficial="F"><name>Romanian</name><percentage>0.1</percentage></language> </country>
 <country><name>Iceland</name> <capital>Reykjavk</capital><language isofficial="T"><name>Icelandic</name><percentage>95.7</percentage></language><language isofficial="F"><name>English</name><percentage>0</percentage></language> </country>
 <country><name>India</name> <capital>New Delhi</capital><language isofficial="T"><name>Hindi</name><percentage>39.9</percentage></language><language isofficial="F"><name>Bengali</name><percentage>8.2</percentage></language><language isofficial="F"><name>Telugu</name><percentage>7.8</percentage></language><language isofficial="F"><name>Marathi</name><percentage>7.4</percentage></language><language isofficial="F"><name>Tamil</name><percentage>6.3</percentage></language><language isofficial="F"><name>Urdu</name><percentage>5.1</percentage></language><language isofficial="F"><name>Gujarati</name><percentage>4.8</percentage></language><language isofficial="F"><name>Kannada</name><percentage>3.9</percentage></language><language isofficial="F"><name>Malajalam</name><percentage>3.6</percentage></language><language isofficial="F"><name>Orija</name><percentage>3.3</percentage></language><language isofficial="F"><name>Punjabi</name><percentage>2.8</percentage></language><language isofficial="F"><name>Asami</name><percentage>1.5</percentage></language> </country>
 <country><name>Indonesia</name> <capital>Jakarta</capital><language isofficial="F"><name>Javanese</name><percentage>39.4</percentage></language><language isofficial="F"><name>Sunda</name><percentage>15.8</percentage></language><language isofficial="T"><name>Malay</name><percentage>12.1</percentage></language><language isofficial="F"><name>Madura</name><percentage>4.3</percentage></language><language isofficial="F"><name>Minangkabau</name><percentage>2.4</percentage></language><language isofficial="F"><name>Batakki</name><percentage>2.2</percentage></language><language isofficial="F"><name>Bugi</name><percentage>2.2</percentage></language><language isofficial="F"><name>Banja</name><percentage>1.8</percentage></language><language isofficial="F"><name>Bali</name><percentage>1.7</percentage></language> </country>
 <country><name>Iran</name> <capital>Teheran</capital><language isofficial="T"><name>Persian</name><percentage>45.7</percentage></language><language isofficial="F"><name>Azerbaijani</name><percentage>16.8</percentage></language><language isofficial="F"><name>Kurdish</name><percentage>9.1</percentage></language><language isofficial="F"><name>Gilaki</name><percentage>5.3</percentage></language><language isofficial="F"><name>Luri</name><percentage>4.3</percentage></language><language isofficial="F"><name>Mazandarani</name><percentage>3.6</percentage></language><language isofficial="F"><name>Balochi</name><percentage>2.3</percentage></language><language isofficial="F"><name>Arabic</name><percentage>2.2</percentage></language><language isofficial="F"><name>Bakhtyari</name><percentage>1.7</percentage></language><language isofficial="F"><name>Turkmenian</name><percentage>1.6</percentage></language> </country>
 <country><name>Iraq</name> <capital>Baghdad</capital><language isofficial="T"><name>Arabic</name><percentage>77.2</percentage></language><language isofficial="F"><name>Kurdish</name><percentage>19</percentage></language><language isofficial="F"><name>Azerbaijani</name><percentage>1.7</percentage></language><language isofficial="F"><name>Persian</name><percentage>0.8</percentage></language><language isofficial="F"><name>Assyrian</name><percentage>0.8</percentage></language> </country>
 <country><name>Ireland</name> <capital>Dublin</capital><language isofficial="T"><name>English</name><percentage>98.4</percentage></language><language isofficial="T"><name>Irish</name><percentage>1.6</percentage></language> </country>
 <country><name>Israel</name> <capital>Jerusalem</capital><language isofficial="T"><name>Hebrew</name><percentage>63.1</percentage></language><language isofficial="T"><name>Arabic</name><percentage>18</percentage></language><language isofficial="F"><name>Russian</name><percentage>8.9</percentage></language> </country>
 <country><name>Italy</name> <capital>Roma</capital><language isofficial="T"><name>Italian</name><percentage>94.1</percentage></language><language isofficial="F"><name>Sardinian</name><percentage>2.7</percentage></language><language isofficial="F"><name>Friuli</name><percentage>1.2</percentage></language><language isofficial="F"><name>German</name><percentage>0.5</percentage></language><language isofficial="F"><name>French</name><percentage>0.5</percentage></language><language isofficial="F"><name>Slovene</name><percentage>0.2</percentage></language><language isofficial="F"><name>Romani</name><percentage>0.2</percentage></language><language isofficial="F"><name>Albaniana</name><percentage>0.2</percentage></language> </country>
 <country><name>Jamaica</name> <capital>Kingston</capital><language isofficial="F"><name>Creole English</name><percentage>94.2</percentage></language><language isofficial="F"><name>Hindi</name><percentage>1.9</percentage></language> </country>
 <country><name>Japan</name> <capital>Tokyo</capital><language isofficial="T"><name>Japanese</name><percentage>99.1</percentage></language><language isofficial="F"><name>Korean</name><percentage>0.5</percentage></language><language isofficial="F"><name>Chinese</name><percentage>0.2</percentage></language><language isofficial="F"><name>Philippene Languages</name><percentage>0.1</percentage></language><language isofficial="F"><name>English</name><percentage>0.1</percentage></language><language isofficial="F"><name>Ainu</name><percentage>0</percentage></language> </country>
 <country><name>Jordan</name> <capital>Amman</capital><language isofficial="T"><name>Arabic</name><percentage>97.9</percentage></language><language isofficial="F"><name>Circassian</name><percentage>1</percentage></language><language isofficial="F"><name>Armenian</name><percentage>1</percentage></language> </country>
 <country><name>Kazakstan</name> <capital>Astana</capital><language isofficial="T"><name>Kazakh</name><percentage>46</percentage></language><language isofficial="F"><name>Russian</name><percentage>34.7</percentage></language><language isofficial="F"><name>Ukrainian</name><percentage>5</percentage></language><language isofficial="F"><name>German</name><percentage>3.1</percentage></language><language isofficial="F"><name>Uzbek</name><percentage>2.3</percentage></language><language isofficial="F"><name>Tatar</name><percentage>2</percentage></language> </country>
 <country><name>Kenya</name> <capital>Nairobi</capital><language isofficial="F"><name>Kikuyu</name><percentage>20.9</percentage></language><language isofficial="F"><name>Luhya</name><percentage>13.8</percentage></language><language isofficial="F"><name>Luo</name><percentage>12.8</percentage></language><language isofficial="F"><name>Kamba</name><percentage>11.2</percentage></language><language isofficial="F"><name>Kalenjin</name><percentage>10.8</percentage></language><language isofficial="F"><name>Gusii</name><percentage>6.1</percentage></language><language isofficial="F"><name>Meru</name><percentage>5.5</percentage></language><language isofficial="F"><name>Nyika</name><percentage>4.8</percentage></language><language isofficial="F"><name>Masai</name><percentage>1.6</percentage></language><language isofficial="F"><name>Turkana</name><percentage>1.4</percentage></language> </country>
 <country><name>Kiribati</name> <capital>Bairiki</capital><language isofficial="T"><name>Kiribati</name><percentage>98.9</percentage></language><language isofficial="F"><name>Tuvalu</name><percentage>0.5</percentage></language> </country>
 <country><name>Kuwait</name> <capital>Kuwait</capital><language isofficial="T"><name>Arabic</name><percentage>78.1</percentage></language><language isofficial="F"><name>English</name><percentage>0</percentage></language> </country>
 <country><name>Kyrgyzstan</name> <capital>Bishkek</capital><language isofficial="T"><name>Kirgiz</name><percentage>59.7</percentage></language><language isofficial="T"><name>Russian</name><percentage>16.2</percentage></language><language isofficial="F"><name>Uzbek</name><percentage>14.1</percentage></language><language isofficial="F"><name>Ukrainian</name><percentage>1.7</percentage></language><language isofficial="F"><name>Tatar</name><percentage>1.3</percentage></language><language isofficial="F"><name>Kazakh</name><percentage>0.8</percentage></language><language isofficial="F"><name>Tadzhik</name><percentage>0.8</percentage></language> </country>
 <country><name>Laos</name> <capital>Vientiane</capital><language isofficial="T"><name>Lao</name><percentage>67.2</percentage></language><language isofficial="F"><name>Mon-khmer</name><percentage>16.5</percentage></language><language isofficial="F"><name>Thai</name><percentage>7.8</percentage></language><language isofficial="F"><name>Lao-Soung</name><percentage>5.2</percentage></language> </country>
 <country><name>Latvia</name> <capital>Riga</capital><language isofficial="T"><name>Latvian</name><percentage>55.1</percentage></language><language isofficial="F"><name>Russian</name><percentage>32.5</percentage></language><language isofficial="F"><name>Belorussian</name><percentage>4.1</percentage></language><language isofficial="F"><name>Ukrainian</name><percentage>2.9</percentage></language><language isofficial="F"><name>Polish</name><percentage>2.1</percentage></language><language isofficial="F"><name>Lithuanian</name><percentage>1.2</percentage></language> </country>
 <country><name>Lebanon</name> <capital>Beirut</capital><language isofficial="T"><name>Arabic</name><percentage>93</percentage></language><language isofficial="F"><name>Armenian</name><percentage>5.9</percentage></language><language isofficial="F"><name>French</name><percentage>0</percentage></language> </country>
 <country><name>Lesotho</name> <capital>Maseru</capital><language isofficial="T"><name>Sotho</name><percentage>85</percentage></language><language isofficial="F"><name>Zulu</name><percentage>15</percentage></language><language isofficial="T"><name>English</name><percentage>0</percentage></language> </country>
 <country><name>Liberia</name> <capital>Monrovia</capital><language isofficial="F"><name>Kpelle</name><percentage>19.5</percentage></language><language isofficial="F"><name>Bassa</name><percentage>13.7</percentage></language><language isofficial="F"><name>Grebo</name><percentage>8.9</percentage></language><language isofficial="F"><name>Gio</name><percentage>7.9</percentage></language><language isofficial="F"><name>Kru</name><percentage>7.2</percentage></language><language isofficial="F"><name>Mano</name><percentage>7.2</percentage></language><language isofficial="F"><name>Loma</name><percentage>5.8</percentage></language><language isofficial="F"><name>Malinke</name><percentage>5.1</percentage></language> </country>
 <country><name>Libyan Arab Jamahiriya</name> <capital>Tripoli</capital><language isofficial="T"><name>Arabic</name><percentage>96</percentage></language><language isofficial="F"><name>Berberi</name><percentage>1</percentage></language> </country>
 <country><name>Liechtenstein</name> <capital>Vaduz</capital><language isofficial="T"><name>German</name><percentage>89</percentage></language><language isofficial="F"><name>Turkish</name><percentage>2.5</percentage></language><language isofficial="F"><name>Italian</name><percentage>2.5</percentage></language> </country>
 <country><name>Lithuania</name> <capital>Vilnius</capital><language isofficial="T"><name>Lithuanian</name><percentage>81.6</percentage></language><language isofficial="F"><name>Russian</name><percentage>8.1</percentage></language><language isofficial="F"><name>Polish</name><percentage>7</percentage></language><language isofficial="F"><name>Belorussian</name><percentage>1.4</percentage></language><language isofficial="F"><name>Ukrainian</name><percentage>1.1</percentage></language> </country>
 <country><name>Luxembourg</name> <capital>Luxembourg</capital><language isofficial="T"><name>Luxembourgish</name><percentage>64.4</percentage></language><language isofficial="F"><name>Portuguese</name><percentage>13</percentage></language><language isofficial="F"><name>Italian</name><percentage>4.6</percentage></language><language isofficial="T"><name>French</name><percentage>4.2</percentage></language><language isofficial="T"><name>German</name><percentage>2.3</percentage></language> </country>
 <country><name>Macao</name> <capital>Macao</capital><language isofficial="F"><name>Canton Chinese</name><percentage>85.6</percentage></language><language isofficial="T"><name>Portuguese</name><percentage>2.3</percentage></language><language isofficial="F"><name>Mandarin Chinese</name><percentage>1.2</percentage></language><language isofficial="F"><name>English</name><percentage>0.5</percentage></language> </country>
 <country><name>Macedonia</name> <capital>Skopje</capital><language isofficial="T"><name>Macedonian</name><percentage>66.5</percentage></language><language isofficial="F"><name>Albaniana</name><percentage>22.9</percentage></language><language isofficial="F"><name>Turkish</name><percentage>4</percentage></language><language isofficial="F"><name>Romani</name><percentage>2.3</percentage></language><language isofficial="F"><name>Serbo-Croatian</name><percentage>2</percentage></language> </country>
 <country><name>Madagascar</name> <capital>Antananarivo</capital><language isofficial="T"><name>Malagasy</name><percentage>98.9</percentage></language><language isofficial="T"><name>French</name><percentage>0</percentage></language> </country>
 <country><name>Malawi</name> <capital>Lilongwe</capital><language isofficial="T"><name>Chichewa</name><percentage>58.3</percentage></language><language isofficial="F"><name>Lomwe</name><percentage>18.4</percentage></language><language isofficial="F"><name>Yao</name><percentage>13.2</percentage></language><language isofficial="F"><name>Ngoni</name><percentage>6.7</percentage></language> </country>
 <country><name>Malaysia</name> <capital>Kuala Lumpur</capital><language isofficial="T"><name>Malay</name><percentage>58.4</percentage></language><language isofficial="F"><name>Chinese</name><percentage>9</percentage></language><language isofficial="F"><name>Tamil</name><percentage>3.9</percentage></language><language isofficial="F"><name>Iban</name><percentage>2.8</percentage></language><language isofficial="F"><name>English</name><percentage>1.6</percentage></language><language isofficial="F"><name>Dusun</name><percentage>1.1</percentage></language> </country>
 <country><name>Maldives</name> <capital>Male</capital><language isofficial="T"><name>Dhivehi</name><percentage>100</percentage></language><language isofficial="F"><name>English</name><percentage>0</percentage></language> </country>
 <country><name>Mali</name> <capital>Bamako</capital><language isofficial="F"><name>Bambara</name><percentage>31.8</percentage></language><language isofficial="F"><name>Ful</name><percentage>13.9</percentage></language><language isofficial="F"><name>Senufo and Minianka</name><percentage>12</percentage></language><language isofficial="F"><name>Soninke</name><percentage>8.7</percentage></language><language isofficial="F"><name>Tamashek</name><percentage>7.3</percentage></language><language isofficial="F"><name>Songhai</name><percentage>6.9</percentage></language> </country>
 <country><name>Malta</name> <capital>Valletta</capital><language isofficial="T"><name>Maltese</name><percentage>95.8</percentage></language><language isofficial="T"><name>English</name><percentage>2.1</percentage></language> </country>
 <country><name>Marshall Islands</name> <capital>Dalap-Uliga-Darrit</capital><language isofficial="T"><name>Marshallese</name><percentage>96.8</percentage></language><language isofficial="T"><name>English</name><percentage>0</percentage></language> </country>
 <country><name>Martinique</name> <capital>Fort-de-France</capital><language isofficial="F"><name>Creole French</name><percentage>96.6</percentage></language><language isofficial="T"><name>French</name><percentage>0</percentage></language> </country>
 <country><name>Mauritania</name> <capital>Nouakchott</capital><language isofficial="F"><name>Hassaniya</name><percentage>81.7</percentage></language><language isofficial="F"><name>Wolof</name><percentage>6.6</percentage></language><language isofficial="F"><name>Tukulor</name><percentage>5.4</percentage></language><language isofficial="F"><name>Soninke</name><percentage>2.7</percentage></language><language isofficial="F"><name>Zenaga</name><percentage>1.2</percentage></language><language isofficial="F"><name>Ful</name><percentage>1.2</percentage></language> </country>
 <country><name>Mauritius</name> <capital>Port-Louis</capital><language isofficial="F"><name>Creole French</name><percentage>70.6</percentage></language><language isofficial="F"><name>Bhojpuri</name><percentage>21.1</percentage></language><language isofficial="F"><name>French</name><percentage>3.4</percentage></language><language isofficial="F"><name>Hindi</name><percentage>1.2</percentage></language><language isofficial="F"><name>Tamil</name><percentage>0.8</percentage></language><language isofficial="F"><name>Marathi</name><percentage>0.7</percentage></language> </country>
 <country><name>Mayotte</name> <capital>Mamoutzou</capital><language isofficial="F"><name>Mahor</name><percentage>41.9</percentage></language><language isofficial="T"><name>French</name><percentage>20.3</percentage></language><language isofficial="F"><name>Malagasy</name><percentage>16.1</percentage></language> </country>
 <country><name>Mexico</name> <capital>Ciudad de Mxico</capital><language isofficial="T"><name>Spanish</name><percentage>92.1</percentage></language><language isofficial="F"><name>Nhuatl</name><percentage>1.8</percentage></language><language isofficial="F"><name>Yucatec</name><percentage>1.1</percentage></language><language isofficial="F"><name>Zapotec</name><percentage>0.6</percentage></language><language isofficial="F"><name>Mixtec</name><percentage>0.6</percentage></language><language isofficial="F"><name>Otom</name><percentage>0.4</percentage></language> </country>
 <country><name>Micronesia, Federated States of</name> <capital>Palikir</capital><language isofficial="F"><name>Trukese</name><percentage>41.6</percentage></language><language isofficial="F"><name>Pohnpei</name><percentage>23.8</percentage></language><language isofficial="F"><name>Mortlock</name><percentage>7.6</percentage></language><language isofficial="F"><name>Kosrean</name><percentage>7.3</percentage></language><language isofficial="F"><name>Yap</name><percentage>5.8</percentage></language><language isofficial="F"><name>Wolea</name><percentage>3.7</percentage></language> </country>
 <country><name>Moldova</name> <capital>Chisinau</capital><language isofficial="T"><name>Romanian</name><percentage>61.9</percentage></language><language isofficial="F"><name>Russian</name><percentage>23.2</percentage></language><language isofficial="F"><name>Ukrainian</name><percentage>8.6</percentage></language><language isofficial="F"><name>Gagauzi</name><percentage>3.2</percentage></language><language isofficial="F"><name>Bulgariana</name><percentage>1.6</percentage></language> </country>
 <country><name>Monaco</name> <capital>Monaco-Ville</capital><language isofficial="T"><name>French</name><percentage>41.9</percentage></language><language isofficial="F"><name>Italian</name><percentage>16.1</percentage></language><language isofficial="F"><name>Monegasque</name><percentage>16.1</percentage></language><language isofficial="F"><name>English</name><percentage>6.5</percentage></language> </country>
 <country><name>Mongolia</name> <capital>Ulan Bator</capital><language isofficial="T"><name>Mongolian</name><percentage>78.8</percentage></language><language isofficial="F"><name>Kazakh</name><percentage>5.9</percentage></language><language isofficial="F"><name>Dorbet</name><percentage>2.7</percentage></language><language isofficial="F"><name>Bajad</name><percentage>1.9</percentage></language><language isofficial="F"><name>Buryat</name><percentage>1.7</percentage></language><language isofficial="F"><name>Dariganga</name><percentage>1.4</percentage></language> </country>
 <country><name>Montserrat</name> <capital>Plymouth</capital><language isofficial="T"><name>English</name><percentage>0</percentage></language> </country>
 <country><name>Morocco</name> <capital>Rabat</capital><language isofficial="T"><name>Arabic</name><percentage>65</percentage></language><language isofficial="F"><name>Berberi</name><percentage>33</percentage></language> </country>
 <country><name>Mozambique</name> <capital>Maputo</capital><language isofficial="F"><name>Makua</name><percentage>27.8</percentage></language><language isofficial="F"><name>Tsonga</name><percentage>12.4</percentage></language><language isofficial="F"><name>Sena</name><percentage>9.4</percentage></language><language isofficial="F"><name>Lomwe</name><percentage>7.8</percentage></language><language isofficial="F"><name>Shona</name><percentage>6.5</percentage></language><language isofficial="F"><name>Tswa</name><percentage>6</percentage></language><language isofficial="F"><name>Chuabo</name><percentage>5.7</percentage></language><language isofficial="F"><name>Ronga</name><percentage>3.7</percentage></language><language isofficial="F"><name>Marendje</name><percentage>3.5</percentage></language><language isofficial="F"><name>Nyanja</name><percentage>3.3</percentage></language> </country>
 <country><name>Myanmar</name> <capital>Rangoon (Yangon)</capital><language isofficial="T"><name>Burmese</name><percentage>69</percentage></language><language isofficial="F"><name>Shan</name><percentage>8.5</percentage></language><language isofficial="F"><name>Karen</name><percentage>6.2</percentage></language><language isofficial="F"><name>Rakhine</name><percentage>4.5</percentage></language><language isofficial="F"><name>Mon</name><percentage>2.4</percentage></language><language isofficial="F"><name>Chin</name><percentage>2.2</percentage></language><language isofficial="F"><name>Kachin</name><percentage>1.4</percentage></language><language isofficial="F"><name>Kayah</name><percentage>0.4</percentage></language> </country>
 <country><name>Namibia</name> <capital>Windhoek</capital><language isofficial="F"><name>Ovambo</name><percentage>50.7</percentage></language><language isofficial="F"><name>Nama</name><percentage>12.4</percentage></language><language isofficial="F"><name>Kavango</name><percentage>9.7</percentage></language><language isofficial="F"><name>Afrikaans</name><percentage>9.5</percentage></language><language isofficial="F"><name>Herero</name><percentage>8</percentage></language><language isofficial="F"><name>Caprivi</name><percentage>4.7</percentage></language><language isofficial="F"><name>San</name><percentage>1.9</percentage></language><language isofficial="F"><name>German</name><percentage>0.9</percentage></language> </country>
 <country><name>Nauru</name> <capital>Yaren</capital><language isofficial="T"><name>Nauru</name><percentage>57.5</percentage></language><language isofficial="F"><name>Kiribati</name><percentage>17.9</percentage></language><language isofficial="F"><name>Tuvalu</name><percentage>8.5</percentage></language><language isofficial="F"><name>Chinese</name><percentage>8.5</percentage></language><language isofficial="T"><name>English</name><percentage>7.5</percentage></language> </country>
 <country><name>Nepal</name> <capital>Kathmandu</capital><language isofficial="T"><name>Nepali</name><percentage>50.4</percentage></language><language isofficial="F"><name>Maithili</name><percentage>11.9</percentage></language><language isofficial="F"><name>Bhojpuri</name><percentage>7.5</percentage></language><language isofficial="F"><name>Tharu</name><percentage>5.4</percentage></language><language isofficial="F"><name>Tamang</name><percentage>4.9</percentage></language><language isofficial="F"><name>Newari</name><percentage>3.7</percentage></language><language isofficial="F"><name>Hindi</name><percentage>3</percentage></language> </country>
 <country><name>Netherlands</name> <capital>Amsterdam</capital><language isofficial="T"><name>Dutch</name><percentage>95.6</percentage></language><language isofficial="F"><name>Fries</name><percentage>3.7</percentage></language><language isofficial="F"><name>Arabic</name><percentage>0.9</percentage></language><language isofficial="F"><name>Turkish</name><percentage>0.8</percentage></language> </country>
 <country><name>Netherlands Antilles</name> <capital>Willemstad</capital><language isofficial="T"><name>Papiamento</name><percentage>86.2</percentage></language><language isofficial="F"><name>English</name><percentage>7.8</percentage></language><language isofficial="T"><name>Dutch</name><percentage>0</percentage></language> </country>
 <country><name>New Caledonia</name> <capital>Nouma</capital><language isofficial="F"><name>Malenasian Languages</name><percentage>45.4</percentage></language><language isofficial="T"><name>French</name><percentage>34.3</percentage></language><language isofficial="F"><name>Polynesian Languages</name><percentage>11.6</percentage></language> </country>
 <country><name>New Zealand</name> <capital>Wellington</capital><language isofficial="T"><name>English</name><percentage>87</percentage></language><language isofficial="F"><name>Maori</name><percentage>4.3</percentage></language> </country>
 <country><name>Nicaragua</name> <capital>Managua</capital><language isofficial="T"><name>Spanish</name><percentage>97.6</percentage></language><language isofficial="F"><name>Miskito</name><percentage>1.6</percentage></language><language isofficial="F"><name>Creole English</name><percentage>0.5</percentage></language><language isofficial="F"><name>Sumo</name><percentage>0.2</percentage></language> </country>
 <country><name>Niger</name> <capital>Niamey</capital><language isofficial="F"><name>Hausa</name><percentage>53.1</percentage></language><language isofficial="F"><name>Songhai-zerma</name><percentage>21.2</percentage></language><language isofficial="F"><name>Tamashek</name><percentage>10.4</percentage></language><language isofficial="F"><name>Ful</name><percentage>9.7</percentage></language><language isofficial="F"><name>Kanuri</name><percentage>4.4</percentage></language> </country>
 <country><name>Nigeria</name> <capital>Abuja</capital><language isofficial="F"><name>Joruba</name><percentage>21.4</percentage></language><language isofficial="F"><name>Hausa</name><percentage>21.1</percentage></language><language isofficial="F"><name>Ibo</name><percentage>18.1</percentage></language><language isofficial="F"><name>Ful</name><percentage>11.3</percentage></language><language isofficial="F"><name>Ibibio</name><percentage>5.6</percentage></language><language isofficial="F"><name>Kanuri</name><percentage>4.1</percentage></language><language isofficial="F"><name>Edo</name><percentage>3.3</percentage></language><language isofficial="F"><name>Tiv</name><percentage>2.3</percentage></language><language isofficial="F"><name>Ijo</name><percentage>1.8</percentage></language><language isofficial="F"><name>Bura</name><percentage>1.6</percentage></language> </country>
 <country><name>Niue</name> <capital>Alofi</capital><language isofficial="T"><name>English</name><percentage>0</percentage></language><language isofficial="F"><name>Niue</name><percentage>0</percentage></language> </country>
 <country><name>Norfolk Island</name> <capital>Kingston</capital><language isofficial="T"><name>English</name><percentage>0</percentage></language> </country>
 <country><name>North Korea</name> <capital>Pyongyang</capital><language isofficial="T"><name>Korean</name><percentage>99.9</percentage></language><language isofficial="F"><name>Chinese</name><percentage>0.1</percentage></language> </country>
 <country><name>Northern Mariana Islands</name> <capital>Garapan</capital><language isofficial="F"><name>Philippene Languages</name><percentage>34.1</percentage></language><language isofficial="F"><name>Chamorro</name><percentage>30</percentage></language><language isofficial="F"><name>Chinese</name><percentage>7.1</percentage></language><language isofficial="F"><name>Korean</name><percentage>6.5</percentage></language><language isofficial="T"><name>English</name><percentage>4.8</percentage></language><language isofficial="F"><name>Carolinian</name><percentage>4.8</percentage></language> </country>
 <country><name>Norway</name> <capital>Oslo</capital><language isofficial="T"><name>Norwegian</name><percentage>96.6</percentage></language><language isofficial="F"><name>English</name><percentage>0.5</percentage></language><language isofficial="F"><name>Danish</name><percentage>0.4</percentage></language><language isofficial="F"><name>Swedish</name><percentage>0.3</percentage></language><language isofficial="F"><name>Saame</name><percentage>0</percentage></language> </country>
 <country><name>Oman</name> <capital>Masqat</capital><language isofficial="T"><name>Arabic</name><percentage>76.7</percentage></language><language isofficial="F"><name>Balochi</name><percentage>0</percentage></language> </country>
 <country><name>Pakistan</name> <capital>Islamabad</capital><language isofficial="F"><name>Punjabi</name><percentage>48.2</percentage></language><language isofficial="F"><name>Pashto</name><percentage>13.1</percentage></language><language isofficial="F"><name>Sindhi</name><percentage>11.8</percentage></language><language isofficial="F"><name>Saraiki</name><percentage>9.8</percentage></language><language isofficial="T"><name>Urdu</name><percentage>7.6</percentage></language><language isofficial="F"><name>Balochi</name><percentage>3</percentage></language><language isofficial="F"><name>Hindko</name><percentage>2.4</percentage></language><language isofficial="F"><name>Brahui</name><percentage>1.2</percentage></language> </country>
 <country><name>Palau</name> <capital>Koror</capital><language isofficial="T"><name>Palau</name><percentage>82.2</percentage></language><language isofficial="F"><name>Philippene Languages</name><percentage>9.2</percentage></language><language isofficial="T"><name>English</name><percentage>3.2</percentage></language><language isofficial="F"><name>Chinese</name><percentage>1.6</percentage></language> </country>
 <country><name>Palestine</name> <capital>Gaza</capital><language isofficial="F"><name>Arabic</name><percentage>95.9</percentage></language><language isofficial="F"><name>Hebrew</name><percentage>4.1</percentage></language> </country>
 <country><name>Panama</name> <capital>Ciudad de Panam</capital><language isofficial="T"><name>Spanish</name><percentage>76.8</percentage></language><language isofficial="F"><name>Creole English</name><percentage>14</percentage></language><language isofficial="F"><name>Guaym</name><percentage>5.3</percentage></language><language isofficial="F"><name>Cuna</name><percentage>2</percentage></language><language isofficial="F"><name>Arabic</name><percentage>0.6</percentage></language><language isofficial="F"><name>Embera</name><percentage>0.6</percentage></language> </country>
 <country><name>Papua New Guinea</name> <capital>Port Moresby</capital><language isofficial="F"><name>Papuan Languages</name><percentage>78.1</percentage></language><language isofficial="F"><name>Malenasian Languages</name><percentage>20</percentage></language> </country>
 <country><name>Paraguay</name> <capital>Asuncin</capital><language isofficial="T"><name>Spanish</name><percentage>55.1</percentage></language><language isofficial="T"><name>Guaran</name><percentage>40.1</percentage></language><language isofficial="F"><name>Portuguese</name><percentage>3.2</percentage></language><language isofficial="F"><name>German</name><percentage>0.9</percentage></language> </country>
 <country><name>Peru</name> <capital>Lima</capital><language isofficial="T"><name>Spanish</name><percentage>79.8</percentage></language><language isofficial="T"><name>Ketua</name><percentage>16.4</percentage></language><language isofficial="T"><name>Aimar</name><percentage>2.3</percentage></language> </country>
 <country><name>Philippines</name> <capital>Manila</capital><language isofficial="T"><name>Pilipino</name><percentage>29.3</percentage></language><language isofficial="F"><name>Cebuano</name><percentage>23.3</percentage></language><language isofficial="F"><name>Ilocano</name><percentage>9.3</percentage></language><language isofficial="F"><name>Hiligaynon</name><percentage>9.1</percentage></language><language isofficial="F"><name>Bicol</name><percentage>5.7</percentage></language><language isofficial="F"><name>Waray-waray</name><percentage>3.8</percentage></language><language isofficial="F"><name>Pampango</name><percentage>3</percentage></language><language isofficial="F"><name>Pangasinan</name><percentage>1.8</percentage></language><language isofficial="F"><name>Maguindanao</name><percentage>1.4</percentage></language><language isofficial="F"><name>Maranao</name><percentage>1.3</percentage></language> </country>
 <country><name>Pitcairn</name> <capital>Adamstown</capital><language isofficial="F"><name>Pitcairnese</name><percentage>0</percentage></language> </country>
 <country><name>Poland</name> <capital>Warszawa</capital><language isofficial="T"><name>Polish</name><percentage>97.6</percentage></language><language isofficial="F"><name>German</name><percentage>1.3</percentage></language><language isofficial="F"><name>Ukrainian</name><percentage>0.6</percentage></language><language isofficial="F"><name>Belorussian</name><percentage>0.5</percentage></language> </country>
 <country><name>Portugal</name> <capital>Lisboa</capital><language isofficial="T"><name>Portuguese</name><percentage>99</percentage></language> </country>
 <country><name>Puerto Rico</name> <capital>San Juan</capital><language isofficial="T"><name>Spanish</name><percentage>51.3</percentage></language><language isofficial="F"><name>English</name><percentage>47.4</percentage></language> </country>
 <country><name>Qatar</name> <capital>Doha</capital><language isofficial="T"><name>Arabic</name><percentage>40.7</percentage></language><language isofficial="F"><name>Urdu</name><percentage>0</percentage></language> </country>
 <country><name>Romania</name> <capital>Bucuresti</capital><language isofficial="T"><name>Romanian</name><percentage>90.7</percentage></language><language isofficial="F"><name>Hungarian</name><percentage>7.2</percentage></language><language isofficial="T"><name>Romani</name><percentage>0.7</percentage></language><language isofficial="F"><name>German</name><percentage>0.4</percentage></language><language isofficial="F"><name>Ukrainian</name><percentage>0.3</percentage></language><language isofficial="F"><name>Serbo-Croatian</name><percentage>0.1</percentage></language> </country>
 <country><name>Runion</name> <capital>Saint-Denis</capital><language isofficial="F"><name>Creole French</name><percentage>91.5</percentage></language><language isofficial="F"><name>Comorian</name><percentage>2.8</percentage></language><language isofficial="F"><name>Chinese</name><percentage>2.8</percentage></language><language isofficial="F"><name>Malagasy</name><percentage>1.4</percentage></language><language isofficial="F"><name>Tamil</name><percentage>0</percentage></language> </country>
 <country><name>Russian Federation</name> <capital>Moscow</capital><language isofficial="T"><name>Russian</name><percentage>86.6</percentage></language><language isofficial="F"><name>Tatar</name><percentage>3.2</percentage></language><language isofficial="F"><name>Ukrainian</name><percentage>1.3</percentage></language><language isofficial="F"><name>Chuvash</name><percentage>0.9</percentage></language><language isofficial="F"><name>Bashkir</name><percentage>0.7</percentage></language><language isofficial="F"><name>Chechen</name><percentage>0.6</percentage></language><language isofficial="F"><name>Mordva</name><percentage>0.5</percentage></language><language isofficial="F"><name>Kazakh</name><percentage>0.4</percentage></language><language isofficial="F"><name>Mari</name><percentage>0.4</percentage></language><language isofficial="F"><name>Avarian</name><percentage>0.4</percentage></language><language isofficial="F"><name>Udmur</name><percentage>0.3</percentage></language><language isofficial="F"><name>Belorussian</name><percentage>0.3</percentage></language> </country>
 <country><name>Rwanda</name> <capital>Kigali</capital><language isofficial="T"><name>Rwanda</name><percentage>100</percentage></language><language isofficial="T"><name>French</name><percentage>0</percentage></language> </country>
 <country><name>Saint Helena</name> <capital>Jamestown</capital><language isofficial="T"><name>English</name><percentage>0</percentage></language> </country>
 <country><name>Saint Kitts and Nevis</name> <capital>Basseterre</capital><language isofficial="F"><name>Creole English</name><percentage>100</percentage></language><language isofficial="T"><name>English</name><percentage>0</percentage></language> </country>
 <country><name>Saint Lucia</name> <capital>Castries</capital><language isofficial="F"><name>Creole French</name><percentage>80</percentage></language><language isofficial="T"><name>English</name><percentage>20</percentage></language> </country>
 <country><name>Saint Pierre and Miquelon</name> <capital>Saint-Pierre</capital><language isofficial="T"><name>French</name><percentage>0</percentage></language> </country>
 <country><name>Saint Vincent and the Grenadines</name> <capital>Kingstown</capital><language isofficial="F"><name>Creole English</name><percentage>99.1</percentage></language><language isofficial="T"><name>English</name><percentage>0</percentage></language> </country>
 <country><name>Samoa</name> <capital>Apia</capital><language isofficial="F"><name>Samoan-English</name><percentage>52</percentage></language><language isofficial="T"><name>Samoan</name><percentage>47.5</percentage></language><language isofficial="T"><name>English</name><percentage>0.6</percentage></language> </country>
 <country><name>San Marino</name> <capital>San Marino</capital><language isofficial="T"><name>Italian</name><percentage>100</percentage></language> </country>
 <country><name>Sao Tome and Principe</name> <capital>So Tom</capital><language isofficial="F"><name>Crioulo</name><percentage>86.3</percentage></language><language isofficial="F"><name>French</name><percentage>0.7</percentage></language> </country>
 <country><name>Saudi Arabia</name> <capital>Riyadh</capital><language isofficial="T"><name>Arabic</name><percentage>95</percentage></language> </country>
 <country><name>Senegal</name> <capital>Dakar</capital><language isofficial="T"><name>Wolof</name><percentage>48.1</percentage></language><language isofficial="F"><name>Ful</name><percentage>21.7</percentage></language><language isofficial="F"><name>Serer</name><percentage>12.5</percentage></language><language isofficial="F"><name>Diola</name><percentage>5</percentage></language><language isofficial="F"><name>Malinke</name><percentage>3.8</percentage></language><language isofficial="F"><name>Soninke</name><percentage>1.3</percentage></language> </country>
 <country><name>Seychelles</name> <capital>Victoria</capital><language isofficial="F"><name>Seselwa</name><percentage>91.3</percentage></language><language isofficial="T"><name>English</name><percentage>3.8</percentage></language><language isofficial="T"><name>French</name><percentage>1.3</percentage></language> </country>
 <country><name>Sierra Leone</name> <capital>Freetown</capital><language isofficial="F"><name>Mende</name><percentage>34.8</percentage></language><language isofficial="F"><name>Temne</name><percentage>31.8</percentage></language><language isofficial="F"><name>Limba</name><percentage>8.3</percentage></language><language isofficial="F"><name>Kono-vai</name><percentage>5.1</percentage></language><language isofficial="F"><name>Bullom-sherbro</name><percentage>3.8</percentage></language><language isofficial="F"><name>Ful</name><percentage>3.8</percentage></language><language isofficial="F"><name>Kuranko</name><percentage>3.4</percentage></language><language isofficial="F"><name>Yalunka</name><percentage>3.4</percentage></language> </country>
 <country><name>Singapore</name> <capital>Singapore</capital><language isofficial="T"><name>Chinese</name><percentage>77.1</percentage></language><language isofficial="T"><name>Malay</name><percentage>14.1</percentage></language><language isofficial="T"><name>Tamil</name><percentage>7.4</percentage></language> </country>
 <country><name>Slovakia</name> <capital>Bratislava</capital><language isofficial="T"><name>Slovak</name><percentage>85.6</percentage></language><language isofficial="F"><name>Hungarian</name><percentage>10.5</percentage></language><language isofficial="F"><name>Romani</name><percentage>1.7</percentage></language><language isofficial="F"><name>Czech and Moravian</name><percentage>1.1</percentage></language><language isofficial="F"><name>Ukrainian and Russian</name><percentage>0.6</percentage></language> </country>
 <country><name>Slovenia</name> <capital>Ljubljana</capital><language isofficial="T"><name>Slovene</name><percentage>87.9</percentage></language><language isofficial="F"><name>Serbo-Croatian</name><percentage>7.9</percentage></language><language isofficial="F"><name>Hungarian</name><percentage>0.5</percentage></language> </country>
 <country><name>Solomon Islands</name> <capital>Honiara</capital><language isofficial="F"><name>Malenasian Languages</name><percentage>85.6</percentage></language><language isofficial="F"><name>Papuan Languages</name><percentage>8.6</percentage></language><language isofficial="F"><name>Polynesian Languages</name><percentage>3.8</percentage></language> </country>
 <country><name>Somalia</name> <capital>Mogadishu</capital><language isofficial="T"><name>Somali</name><percentage>98.3</percentage></language><language isofficial="T"><name>Arabic</name><percentage>0</percentage></language> </country>
 <country><name>South Africa</name> <capital>Pretoria</capital><language isofficial="T"><name>Zulu</name><percentage>22.7</percentage></language><language isofficial="T"><name>Xhosa</name><percentage>17.7</percentage></language><language isofficial="T"><name>Afrikaans</name><percentage>14.3</percentage></language><language isofficial="F"><name>Northsotho</name><percentage>9.1</percentage></language><language isofficial="T"><name>English</name><percentage>8.5</percentage></language><language isofficial="F"><name>Tswana</name><percentage>8.1</percentage></language><language isofficial="F"><name>Southsotho</name><percentage>7.6</percentage></language><language isofficial="F"><name>Tsonga</name><percentage>4.3</percentage></language><language isofficial="F"><name>Swazi</name><percentage>2.5</percentage></language><language isofficial="F"><name>Venda</name><percentage>2.2</percentage></language><language isofficial="F"><name>Ndebele</name><percentage>1.5</percentage></language> </country>
 <country><name>South Korea</name> <capital>Seoul</capital><language isofficial="T"><name>Korean</name><percentage>99.9</percentage></language><language isofficial="F"><name>Chinese</name><percentage>0.1</percentage></language> </country>
 <country><name>Spain</name> <capital>Madrid</capital><language isofficial="T"><name>Spanish</name><percentage>74.4</percentage></language><language isofficial="F"><name>Catalan</name><percentage>16.9</percentage></language><language isofficial="F"><name>Galecian</name><percentage>6.4</percentage></language><language isofficial="F"><name>Basque</name><percentage>1.6</percentage></language> </country>
 <country><name>Sri Lanka</name> <capital>Colombo</capital><language isofficial="T"><name>Singali</name><percentage>60.3</percentage></language><language isofficial="T"><name>Tamil</name><percentage>19.6</percentage></language><language isofficial="F"><name>Mixed Languages</name><percentage>19.6</percentage></language> </country>
 <country><name>Sudan</name> <capital>Khartum</capital><language isofficial="T"><name>Arabic</name><percentage>49.4</percentage></language><language isofficial="F"><name>Dinka</name><percentage>11.5</percentage></language><language isofficial="F"><name>Nubian Languages</name><percentage>8.1</percentage></language><language isofficial="F"><name>Beja</name><percentage>6.4</percentage></language><language isofficial="F"><name>Nuer</name><percentage>4.9</percentage></language><language isofficial="F"><name>Zande</name><percentage>2.7</percentage></language><language isofficial="F"><name>Bari</name><percentage>2.5</percentage></language><language isofficial="F"><name>Fur</name><percentage>2.1</percentage></language><language isofficial="F"><name>Chilluk</name><percentage>1.7</percentage></language><language isofficial="F"><name>Lotuko</name><percentage>1.5</percentage></language> </country>
 <country><name>Suriname</name> <capital>Paramaribo</capital><language isofficial="F"><name>Sranantonga</name><percentage>81</percentage></language><language isofficial="F"><name>Hindi</name><percentage>0</percentage></language> </country>
 <country><name>Svalbard and Jan Mayen</name> <capital>Longyearbyen</capital><language isofficial="F"><name>Russian</name><percentage>0</percentage></language><language isofficial="T"><name>Norwegian</name><percentage>0</percentage></language> </country>
 <country><name>Swaziland</name> <capital>Mbabane</capital><language isofficial="T"><name>Swazi</name><percentage>89.9</percentage></language><language isofficial="F"><name>Zulu</name><percentage>2</percentage></language> </country>
 <country><name>Sweden</name> <capital>Stockholm</capital><language isofficial="T"><name>Swedish</name><percentage>89.5</percentage></language><language isofficial="F"><name>Finnish</name><percentage>2.4</percentage></language><language isofficial="F"><name>Southern Slavic Languages</name><percentage>1.3</percentage></language><language isofficial="F"><name>Arabic</name><percentage>0.8</percentage></language><language isofficial="F"><name>Spanish</name><percentage>0.6</percentage></language><language isofficial="F"><name>Norwegian</name><percentage>0.5</percentage></language> </country>
 <country><name>Switzerland</name> <capital>Bern</capital><language isofficial="T"><name>German</name><percentage>63.6</percentage></language><language isofficial="T"><name>French</name><percentage>19.2</percentage></language><language isofficial="T"><name>Italian</name><percentage>7.7</percentage></language><language isofficial="T"><name>Romansh</name><percentage>0.6</percentage></language> </country>
 <country><name>Syria</name> <capital>Damascus</capital><language isofficial="T"><name>Arabic</name><percentage>90</percentage></language><language isofficial="F"><name>Kurdish</name><percentage>9</percentage></language> </country>
 <country><name>Taiwan</name> <capital>Taipei</capital><language isofficial="F"><name>Min</name><percentage>66.7</percentage></language><language isofficial="T"><name>Mandarin Chinese</name><percentage>20.1</percentage></language><language isofficial="F"><name>Hakka</name><percentage>11</percentage></language><language isofficial="F"><name>Ami</name><percentage>0.6</percentage></language><language isofficial="F"><name>Atayal</name><percentage>0.4</percentage></language><language isofficial="F"><name>Paiwan</name><percentage>0.3</percentage></language> </country>
 <country><name>Tajikistan</name> <capital>Dushanbe</capital><language isofficial="T"><name>Tadzhik</name><percentage>62.2</percentage></language><language isofficial="F"><name>Uzbek</name><percentage>23.2</percentage></language><language isofficial="F"><name>Russian</name><percentage>9.7</percentage></language> </country>
 <country><name>Tanzania</name> <capital>Dodoma</capital><language isofficial="F"><name>Nyamwesi</name><percentage>21.1</percentage></language><language isofficial="T"><name>Swahili</name><percentage>8.8</percentage></language><language isofficial="F"><name>Hehet</name><percentage>6.9</percentage></language><language isofficial="F"><name>Makonde</name><percentage>5.9</percentage></language><language isofficial="F"><name>Haya</name><percentage>5.9</percentage></language><language isofficial="F"><name>Nyakusa</name><percentage>5.4</percentage></language><language isofficial="F"><name>Chaga and Pare</name><percentage>4.9</percentage></language><language isofficial="F"><name>Luguru</name><percentage>4.9</percentage></language><language isofficial="F"><name>Shambala</name><percentage>4.3</percentage></language><language isofficial="F"><name>Gogo</name><percentage>3.9</percentage></language><language isofficial="F"><name>Ha</name><percentage>3.5</percentage></language> </country>
 <country><name>Thailand</name> <capital>Bangkok</capital><language isofficial="T"><name>Thai</name><percentage>52.6</percentage></language><language isofficial="F"><name>Lao</name><percentage>26.9</percentage></language><language isofficial="F"><name>Chinese</name><percentage>12.1</percentage></language><language isofficial="F"><name>Malay</name><percentage>3.6</percentage></language><language isofficial="F"><name>Khmer</name><percentage>1.3</percentage></language><language isofficial="F"><name>Kuy</name><percentage>1.1</percentage></language> </country>
 <country><name>Togo</name> <capital>Lom</capital><language isofficial="T"><name>Ewe</name><percentage>23.2</percentage></language><language isofficial="T"><name>Kaby</name><percentage>13.8</percentage></language><language isofficial="F"><name>Watyi</name><percentage>10.3</percentage></language><language isofficial="F"><name>Kotokoli</name><percentage>5.7</percentage></language><language isofficial="F"><name>Ane</name><percentage>5.7</percentage></language><language isofficial="F"><name>Moba</name><percentage>5.4</percentage></language><language isofficial="F"><name>Naudemba</name><percentage>4.1</percentage></language><language isofficial="F"><name>Gurma</name><percentage>3.4</percentage></language> </country>
 <country><name>Tokelau</name> <capital>Fakaofo</capital><language isofficial="F"><name>Tokelau</name><percentage>0</percentage></language><language isofficial="T"><name>English</name><percentage>0</percentage></language> </country>
 <country><name>Tonga</name> <capital>Nukualofa</capital><language isofficial="T"><name>Tongan</name><percentage>98.3</percentage></language><language isofficial="T"><name>English</name><percentage>0</percentage></language> </country>
 <country><name>Trinidad and Tobago</name> <capital>Port-of-Spain</capital><language isofficial="F"><name>English</name><percentage>93.5</percentage></language><language isofficial="F"><name>Hindi</name><percentage>3.4</percentage></language><language isofficial="F"><name>Creole English</name><percentage>2.9</percentage></language> </country>
 <country><name>Tunisia</name> <capital>Tunis</capital><language isofficial="T"><name>Arabic</name><percentage>69.9</percentage></language><language isofficial="F"><name>Arabic-French</name><percentage>26.3</percentage></language><language isofficial="F"><name>Arabic-French-English</name><percentage>3.2</percentage></language> </country>
 <country><name>Turkey</name> <capital>Ankara</capital><language isofficial="T"><name>Turkish</name><percentage>87.6</percentage></language><language isofficial="F"><name>Kurdish</name><percentage>10.6</percentage></language><language isofficial="F"><name>Arabic</name><percentage>1.4</percentage></language> </country>
 <country><name>Turkmenistan</name> <capital>Ashgabat</capital><language isofficial="T"><name>Turkmenian</name><percentage>76.7</percentage></language><language isofficial="F"><name>Uzbek</name><percentage>9.2</percentage></language><language isofficial="F"><name>Russian</name><percentage>6.7</percentage></language><language isofficial="F"><name>Kazakh</name><percentage>2</percentage></language> </country>
 <country><name>Turks and Caicos Islands</name> <capital>Cockburn Town</capital><language isofficial="T"><name>English</name><percentage>0</percentage></language> </country>
 <country><name>Tuvalu</name> <capital>Funafuti</capital><language isofficial="T"><name>Tuvalu</name><percentage>92.5</percentage></language><language isofficial="F"><name>Kiribati</name><percentage>7.5</percentage></language><language isofficial="T"><name>English</name><percentage>0</percentage></language> </country>
 <country><name>Uganda</name> <capital>Kampala</capital><language isofficial="F"><name>Ganda</name><percentage>18.1</percentage></language><language isofficial="F"><name>Nkole</name><percentage>10.7</percentage></language><language isofficial="F"><name>Kiga</name><percentage>8.3</percentage></language><language isofficial="F"><name>Soga</name><percentage>8.2</percentage></language><language isofficial="F"><name>Teso</name><percentage>6</percentage></language><language isofficial="F"><name>Lango</name><percentage>5.9</percentage></language><language isofficial="F"><name>Lugbara</name><percentage>4.7</percentage></language><language isofficial="F"><name>Gisu</name><percentage>4.5</percentage></language><language isofficial="F"><name>Acholi</name><percentage>4.4</percentage></language><language isofficial="F"><name>Rwanda</name><percentage>3.2</percentage></language> </country>
 <country><name>Ukraine</name> <capital>Kyiv</capital><language isofficial="T"><name>Ukrainian</name><percentage>64.7</percentage></language><language isofficial="F"><name>Russian</name><percentage>32.9</percentage></language><language isofficial="F"><name>Romanian</name><percentage>0.7</percentage></language><language isofficial="F"><name>Belorussian</name><percentage>0.3</percentage></language><language isofficial="F"><name>Bulgariana</name><percentage>0.3</percentage></language><language isofficial="F"><name>Hungarian</name><percentage>0.3</percentage></language><language isofficial="F"><name>Polish</name><percentage>0.1</percentage></language> </country>
 <country><name>United Arab Emirates</name> <capital>Abu Dhabi</capital><language isofficial="T"><name>Arabic</name><percentage>42</percentage></language><language isofficial="F"><name>Hindi</name><percentage>0</percentage></language> </country>
 <country><name>United Kingdom</name> <capital>London</capital><language isofficial="T"><name>English</name><percentage>97.3</percentage></language><language isofficial="F"><name>Kymri</name><percentage>0.9</percentage></language><language isofficial="F"><name>Gaeli</name><percentage>0.1</percentage></language> </country>
 <country><name>United States</name> <capital>Washington</capital><language isofficial="T"><name>English</name><percentage>86.2</percentage></language><language isofficial="F"><name>Spanish</name><percentage>7.5</percentage></language><language isofficial="F"><name>French</name><percentage>0.7</percentage></language><language isofficial="F"><name>German</name><percentage>0.7</percentage></language><language isofficial="F"><name>Chinese</name><percentage>0.6</percentage></language><language isofficial="F"><name>Italian</name><percentage>0.6</percentage></language><language isofficial="F"><name>Tagalog</name><percentage>0.4</percentage></language><language isofficial="F"><name>Polish</name><percentage>0.3</percentage></language><language isofficial="F"><name>Korean</name><percentage>0.3</percentage></language><language isofficial="F"><name>Vietnamese</name><percentage>0.2</percentage></language><language isofficial="F"><name>Japanese</name><percentage>0.2</percentage></language><language isofficial="F"><name>Portuguese</name><percentage>0.2</percentage></language> </country>
 <country><name>Uruguay</name> <capital>Montevideo</capital><language isofficial="T"><name>Spanish</name><percentage>95.7</percentage></language> </country>
 <country><name>Uzbekistan</name> <capital>Toskent</capital><language isofficial="T"><name>Uzbek</name><percentage>72.6</percentage></language><language isofficial="F"><name>Russian</name><percentage>10.9</percentage></language><language isofficial="F"><name>Tadzhik</name><percentage>4.4</percentage></language><language isofficial="F"><name>Kazakh</name><percentage>3.8</percentage></language><language isofficial="F"><name>Karakalpak</name><percentage>2</percentage></language><language isofficial="F"><name>Tatar</name><percentage>1.8</percentage></language> </country>
 <country><name>Vanuatu</name> <capital>Port-Vila</capital><language isofficial="T"><name>Bislama</name><percentage>56.6</percentage></language><language isofficial="T"><name>English</name><percentage>28.3</percentage></language><language isofficial="T"><name>French</name><percentage>14.2</percentage></language> </country>
 <country><name>Venezuela</name> <capital>Caracas</capital><language isofficial="T"><name>Spanish</name><percentage>96.9</percentage></language><language isofficial="F"><name>Goajiro</name><percentage>0.4</percentage></language><language isofficial="F"><name>Warrau</name><percentage>0.1</percentage></language> </country>
 <country><name>Vietnam</name> <capital>Hanoi</capital><language isofficial="T"><name>Vietnamese</name><percentage>86.8</percentage></language><language isofficial="F"><name>Tho</name><percentage>1.8</percentage></language><language isofficial="F"><name>Thai</name><percentage>1.6</percentage></language><language isofficial="F"><name>Muong</name><percentage>1.5</percentage></language><language isofficial="F"><name>Khmer</name><percentage>1.4</percentage></language><language isofficial="F"><name>Chinese</name><percentage>1.4</percentage></language><language isofficial="F"><name>Nung</name><percentage>1.1</percentage></language><language isofficial="F"><name>Miao</name><percentage>0.9</percentage></language><language isofficial="F"><name>Man</name><percentage>0.7</percentage></language> </country>
 <country><name>Virgin Islands, British</name> <capital>Road Town</capital><language isofficial="T"><name>English</name><percentage>0</percentage></language> </country>
 <country><name>Virgin Islands, U.S.</name> <capital>Charlotte Amalie</capital><language isofficial="T"><name>English</name><percentage>81.7</percentage></language><language isofficial="F"><name>Spanish</name><percentage>13.3</percentage></language><language isofficial="F"><name>French</name><percentage>2.5</percentage></language> </country>
 <country><name>Wallis and Futuna</name> <capital>Mata-Utu</capital><language isofficial="F"><name>Wallis</name><percentage>0</percentage></language><language isofficial="F"><name>Futuna</name><percentage>0</percentage></language> </country>
 <country><name>Western Sahara</name> <capital>El-Aain</capital><language isofficial="T"><name>Arabic</name><percentage>100</percentage></language> </country>
 <country><name>Yemen</name> <capital>Sanaa</capital><language isofficial="T"><name>Arabic</name><percentage>99.6</percentage></language><language isofficial="F"><name>Soqutri</name><percentage>0</percentage></language> </country>
 <country><name>Yugoslavia</name> <capital>Beograd</capital><language isofficial="T"><name>Serbo-Croatian</name><percentage>75.2</percentage></language><language isofficial="F"><name>Albaniana</name><percentage>16.5</percentage></language><language isofficial="F"><name>Hungarian</name><percentage>3.4</percentage></language><language isofficial="F"><name>Romani</name><percentage>1.4</percentage></language><language isofficial="F"><name>Slovak</name><percentage>0.7</percentage></language><language isofficial="F"><name>Macedonian</name><percentage>0.5</percentage></language> </country>
 <country><name>Zambia</name> <capital>Lusaka</capital><language isofficial="F"><name>Bemba</name><percentage>29.7</percentage></language><language isofficial="F"><name>Tongan</name><percentage>11</percentage></language><language isofficial="F"><name>Nyanja</name><percentage>7.8</percentage></language><language isofficial="F"><name>Lozi</name><percentage>6.4</percentage></language><language isofficial="F"><name>Chewa</name><percentage>5.7</percentage></language><language isofficial="F"><name>Nsenga</name><percentage>4.3</percentage></language> </country>
 <country><name>Zimbabwe</name> <capital>Harare</capital><language isofficial="F"><name>Shona</name><percentage>72.1</percentage></language><language isofficial="F"><name>Ndebele</name><percentage>16.2</percentage></language><language isofficial="T"><name>English</name><percentage>2.2</percentage></language><language isofficial="F"><name>Nyanja</name><percentage>2.2</percentage></language> </country>
</world>
